Title,Date
"Gilmore Girls: Season 6: A Vineyard Valentine","03/01/2020"
"Gilmore Girls: Season 6: You've Been Gilmored","02/01/2020"
"Gilmore Girls: Season 6: Friday Night's Alright for Fighting","02/01/2020"
"Gilmore Girls: Season 6: Just Like Gwen and Gavin","01/01/2020"
"Gilmore Girls: Season 6: The Perfect Dress","01/01/2020"
"Gilmore Girls: Season 6: He's Slippin' 'Em Bread ... Dig?","01/01/2020"
"Gilmore Girls: Season 6: The Prodigal Daughter Returns","31/12/2019"
"Gilmore Girls: Season 6: Let Me Hear Your Balalaikas Ringing Out","31/12/2019"
"Gilmore Girls: Season 6: Twenty-One is the Loneliest Number","31/12/2019"
"Gilmore Girls: Season 6: Welcome to the Dollhouse","30/12/2019"
"Gilmore Girls: Season 6: We've Got Magic to Do","30/12/2019"
"Gilmore Girls: Season 6: Always a Godmother, Never a God","27/12/2019"
"Gilmore Girls: Season 6: The Ungraduate","27/12/2019"
"Gilmore Girls: Season 6: Fight Face","26/12/2019"
"Gilmore Girls: Season 6: New and Improved Lorelai","26/12/2019"
"Gilmore Girls: Season 5: A House is Not a Home","24/12/2019"
"Gilmore Girls: Season 5: Blame Booze and Melville","23/12/2019"
"Gilmore Girls: A Year in the Life: Limited Series: Winter","23/12/2019"
"New Year's Eve","22/12/2019"
"Gilmore Girls: Season 5: How Many Kropogs to Cape Cod?","21/12/2019"
"Gilmore Girls: Season 5: But I'm a Gilmore","20/12/2019"
"Gilmore Girls: Season 5: To Live and Let Diorama","20/12/2019"
"Gilmore Girls: Season 5: Pulp Friction","19/12/2019"
"Gilmore Girls: Season 5: So...Good Talk","19/12/2019"
"Gilmore Girls: Season 5: Jews and Chinese Food","18/12/2019"
"Gilmore Girls: Season 5: Say Something","17/12/2019"
"Gilmore Girls: Season 5: Wedding Bell Blues","17/12/2019"
"Gilmore Girls: Season 5: Come Home","16/12/2019"
"Gilmore Girls: Season 5: Women of Questionable Morals","16/12/2019"
"Gilmore Girls: Season 5: But Not As Cute As Pushkin","15/12/2019"
"Gilmore Girls: Season 5: Emily Says 'Hello'","15/12/2019"
"Gilmore Girls: Season 5: The Party's Over","15/12/2019"
"Gilmore Girls: Season 5: You Jump, I Jump, Jack","14/12/2019"
"Gilmore Girls: Season 5: Norman Mailer, I'm Pregnant","14/12/2019"
"Gilmore Girls: Season 5: We Got Us a Pippi Virgin","13/12/2019"
"Christmas Wedding Planner","13/12/2019"
"Gilmore Girls: Season 5: Tippecanoe and Taylor, Too","12/12/2019"
"Gilmore Girls: Season 5: Written in the Stars","12/12/2019"
"Gilmore Girls: Season 5: A Messenger, Nothing More","11/12/2019"
"Gilmore Girls: Season 5: Say Goodbye to Daisy Miller","11/12/2019"
"Gilmore Girls: Season 4: Raincoats & Recipes","10/12/2019"
"Gilmore Girls: Season 4: Last Week Fights, This Week Tights","09/12/2019"
"Gilmore Girls: Season 4: Luke Can See Her Face","09/12/2019"
"Gilmore Girls: Season 4: Afterboom","08/12/2019"
"Gilmore Girls: Season 4: Tick, Tick, Tick Boom","08/12/2019"
"Gilmore Girls: Season 4: Girls in Bikinis, Boys Doin' the Twist","07/12/2019"
"Gilmore Girls: Season 4: The Reigning Lorelai","07/12/2019"
"Gilmore Girls: Season 4: Scene in a Mall","07/12/2019"
"Gilmore Girls: Season 4: The Incredible Sinking Lorelais","06/12/2019"
"Gilmore Girls: Season 4: Nag Hammadi Is Where They Found the Gnostic Gospels","06/12/2019"
"Gilmore Girls: Season 4: A Family Matter","05/12/2019"
"Gilmore Girls: Season 4: In the Clamor and the Clangor","05/12/2019"
"Gilmore Girls: Season 4: The Nanny and the Professor","03/12/2019"
"Gilmore Girls: Season 4: Ted Koppel's Big Night Out","03/12/2019"
"Gilmore Girls: Season 4: Die, Jerk","02/12/2019"
"Gilmore Girls: Season 4: The Festival of Living Art","02/12/2019"
"Gilmore Girls: Season 4: An Affair to Remember","01/12/2019"
"Gilmore Girls: Season 4: The Fundamental Things Apply","01/12/2019"
"Gilmore Girls: Season 4: Chicken or Beef?","01/12/2019"
"Gilmore Girls: Season 4: The Hobbit, the Sofa and Digger Stiles","30/11/2019"
"Gilmore Girls: Season 4: The Lorelais' First Day at Yale","30/11/2019"
"Gilmore Girls: Season 4: Ballrooms & Biscotti","30/11/2019"
"Gilmore Girls: Season 3: Those Are Strings, Pinocchio","29/11/2019"
"Gilmore Girls: Season 3: Here Comes the Son","29/11/2019"
"Gilmore Girls: Season 3: Say Goodnight, Gracie","28/11/2019"
"Gilmore Girls: Season 3: Keg! Max!","28/11/2019"
"Gilmore Girls: Season 3: Happy Birthday, Baby","27/11/2019"
"Gilmore Girls: Season 3: A Tale of Poes and Fire","27/11/2019"
"Gilmore Girls: Season 1: Pilot","27/11/2019"
"Gilmore Girls: Season 3: The Big One","25/11/2019"
"Gilmore Girls: Season 3: Face-Off","24/11/2019"
"Gilmore Girls: Season 3: Swan Song","24/11/2019"
"Gilmore Girls: Season 3: Dear Emily and Richard","24/11/2019"
"Gilmore Girls: Season 3: Lorelai Out of Water","24/11/2019"
"Gilmore Girls: Season 3: I Solemnly Swear...","23/11/2019"
"Gilmore Girls: Season 3: That'll Do, Pig","23/11/2019"
"Gilmore Girls: Season 3: A Deep-Fried Korean Thanksgiving","23/11/2019"
"Gilmore Girls: Season 3: Let the Games Begin","23/11/2019"
"Gilmore Girls: Season 3: They Shoot Gilmores, Don't They?","21/11/2019"
"Gilmore Girls: Season 3: Take the Deviled Eggs...","21/11/2019"
"Nativity!","20/11/2019"
"I Feel Pretty","19/11/2019"
"Gilmore Girls: Season 3: Eight O'Clock at the Oasis","17/11/2019"
"Gilmore Girls: Season 3: One's Got Class and the Other One Dyes","17/11/2019"
"Gilmore Girls: Season 3: Application Anxiety","16/11/2019"
"Gilmore Girls: Season 3: Haunted Leg","16/11/2019"
"Jumanji: Welcome to the Jungle","15/11/2019"
"He's Just Not That Into You","14/11/2019"
"Two Weeks Notice","14/11/2019"
"Gilmore Girls: Season 3: Lazy-Hazy-Crazy Days","10/11/2019"
"Gilmore Girls: Season 2: I Can't Get Started","10/11/2019"
"Gilmore Girls: Season 2: Lorelai's Graduation Day","10/11/2019"
"Gilmore Girls: Season 2: Help Wanted","10/11/2019"
"Gilmore Girls: Season 2: Teach Me Tonight","09/11/2019"
"Gilmore Girls: Season 2: Back in the Saddle Again","09/11/2019"
"Gilmore Girls: Season 2: Dead Uncles & Vegetables","09/11/2019"
"Gilmore Girls: Season 2: There's the Rub","09/11/2019"
"Gilmore Girls: Season 2: Lost & Found","09/11/2019"
"Gilmore Girls: Season 2: It Should've Been Lorelai","08/11/2019"
"Gilmore Girls: Season 2: A-Tisket, A-Tasket","08/11/2019"
"Gilmore Girls: Season 2: Richard in Stars Hollow","07/11/2019"
"Gilmore Girls: Season 2: Secrets and Loans","07/11/2019"
"Gilmore Girls: Season 2: The Bracebridge Dinner","06/11/2019"
"Gilmore Girls: Season 2: Run Away Little Boy","06/11/2019"
"Gilmore Girls: Season 2: The Ins & Outs of Inns","05/11/2019"
"Gilmore Girls: Season 2: Like Mother, Like Daughter","04/11/2019"
"Gilmore Girls: Season 2: Presenting Lorelai Gilmore","04/11/2019"
"Gilmore Girls: Season 2: Nick & Nora/Sid & Nancy","03/11/2019"
"Gilmore Girls: Season 2: The Road Trip to Harvard","03/11/2019"
"Gilmore Girls: Season 2: Red Light on the Wedding Night","03/11/2019"
"Gilmore Girls: Season 2: Hammers and Veils","03/11/2019"
"Gilmore Girls: Season 2: Sadie, Sadie...","03/11/2019"
"Gilmore Girls: Season 1: Love, Daisies and Troubadours","02/11/2019"
"Gilmore Girls: Season 1: P.S. I Lo...","02/11/2019"
"Gilmore Girls: Season 1: Emily in Wonderland","02/11/2019"
"Gilmore Girls: Season 1: The Third Lorelai","02/11/2019"
"Gilmore Girls: Season 1: The Breakup, Part II","01/11/2019"
"Gilmore Girls: Season 1: Star-Crossed Lovers and Other Strangers","01/11/2019"
"Gilmore Girls: Season 1: Christopher Returns","01/11/2019"
"Gilmore Girls: Season 1: That Damn Donna Reed","01/11/2019"
"Gilmore Girls: Season 1: Concert Interruptus","01/11/2019"
"Gilmore Girls: Season 1: Double Date","01/11/2019"
"Gilmore Girls: Season 1: Paris is Burning","01/11/2019"
"Gilmore Girls: Season 1: Forgiveness and Stuff","31/10/2019"
"Gilmore Girls: Season 1: Rory's Dance","31/10/2019"
"Gilmore Girls: Season 1: Love & War & Snow","31/10/2019"
"Gilmore Girls: Season 1: Kiss and Tell","31/10/2019"
"Gilmore Girls: Season 1: Rory's Birthday Parties","30/10/2019"
"Gilmore Girls: Season 1: Cinnamon's Wake","30/10/2019"
"Gilmore Girls: Season 1: The Deer Hunters","30/10/2019"
"Gilmore Girls: Season 1: Kill Me Now","30/10/2019"
"Gilmore Girls: Season 1: The Lorelais' First Day at Chilton","30/10/2019"
"The Hook Up Plan: Season 1: The Secret Plan","16/10/2019"
"Always Be My Maybe","05/10/2019"
"Bad Moms","05/10/2019"
"To All the Boys I’ve Loved Before","05/10/2019"
"Degrassi: Next Class: Season 1: #BootyCall","05/10/2019"
"Little Italy","05/10/2019"
"Jane The Virgin: Season 1: Chapter One: Pilot","05/10/2019"
"Home Again","05/10/2019"
"Pretty Little Liars: Season 3: What Lies Beneath","29/09/2019"
"Pretty Little Liars: Season 3: The Kahn Game","29/09/2019"
"Pretty Little Liars: Season 3: Stolen Kisses","24/09/2019"
"Pretty Little Liars: Season 3: Crazy","14/09/2019"
"Pretty Little Liars: Season 3: The Remains of the A","14/09/2019"
"Pretty Little Liars: Season 3: That Girl Is Poison","14/09/2019"
"Pretty Little Liars: Season 3: Birds of a Feather","13/09/2019"
"Pretty Little Liars: Season 3: Kingdom of the Blind","13/09/2019"
"Pretty Little Liars: Season 3: Blood Is the New Black","13/09/2019"
"Pretty Little Liars: Season 3: It Happened 'That Night'","12/09/2019"
"Pretty Little Liars: Season 2: unmAsked","12/09/2019"
"Pretty Little Liars: Season 2: If These Dolls Could Talk","12/09/2019"
"Pretty Little Liars: Season 2: Eye of the Beholder","11/09/2019"
"Pretty Little Liars: Season 2: Father Knows Best","11/09/2019"
"Yummy Mummies: Season 2: Episode 10","10/09/2019"
"Yummy Mummies: Season 2: Episode 9","10/09/2019"
"Yummy Mummies: Season 2: Episode 8","10/09/2019"
"Yummy Mummies: Season 2: Episode 7","10/09/2019"
"Yummy Mummies: Season 2: Episode 6","09/09/2019"
"Yummy Mummies: Season 2: Episode 5","09/09/2019"
"Yummy Mummies: Season 2: Episode 4","09/09/2019"
"Yummy Mummies: Season 2: Episode 3","09/09/2019"
"Yummy Mummies: Season 2: Episode 2","09/09/2019"
"Yummy Mummies: Season 2: Episode 1","09/09/2019"
"Friends: Season 10: The One Where Estelle Dies","09/09/2019"
"Friends: Season 10: The One with Princess Consuela","08/09/2019"
"Friends: Season 10: The One Where Joey Speaks French","08/09/2019"
"Friends: Season 10: The One with Phoebe's Wedding","08/09/2019"
"Friends: Season 10: The One Where the Stripper Cries","08/09/2019"
"Friends: Season 10: The One Where Chandler Gets Caught","08/09/2019"
"Friends: Season 10: The One with the Birth Mother","08/09/2019"
"Friends: Season 10: The One with the Late Thanksgiving","08/09/2019"
"Friends: Season 10: The One with The Home Study","08/09/2019"
"Friends: Season 10: The One with Ross's Grant","07/09/2019"
"Friends: Season 10: The One Where Rachel's Sister Babysits","07/09/2019"
"Friends: Season 10: The One with the Cake","07/09/2019"
"Friends: Season 10: The One with Ross's Tan","07/09/2019"
"Friends: Season 10: The One Where Ross Is Fine","07/09/2019"
"Friends: Season 10: The One After Joey and Rachel Kiss","06/09/2019"
"Friends: Season 9: The One in Barbados","06/09/2019"
"Friends: Season 9: The One with the Fertility Test","06/09/2019"
"Friends: Season 9: The One with the Mugging","06/09/2019"
"Friends: Season 9: The One with the Blind Dates","06/09/2019"
"Friends: Season 9: The One Where Monica Sings","05/09/2019"
"Friends: Season 9: The One Where Rachel Goes Back to Work","05/09/2019"
"Friends: Season 9: The One with Christmas in Tulsa","05/09/2019"
"Friends: Season 9: The One with Rachel's Phone Number","04/09/2019"
"Friends: Season 9: The One with Rachel's Other Sister","04/09/2019"
"Friends: Season 9: The One with Ross' Inappropriate Song","04/09/2019"
"Friends: Season 9: The One with the Male Nanny","04/09/2019"
"Friends: Season 9: The One with the Sharks","04/09/2019"
"Friends: Season 9: The One with the Pediatrician","04/09/2019"
"Friends: Season 8: The One Where Rachel Has a Baby: Part 2","03/09/2019"
"Friends: Season 8: The One Where Rachel Has a Baby: Part 1","03/09/2019"
"Friends: Season 8: The One Where Rachel Is Late","03/09/2019"
"Friends: Season 8: The One in Massapequa","03/09/2019"
"Friends: Season 8: The One Where Joey Tells Rachel","03/09/2019"
"Friends: Season 8: The One with the Birthing Video","03/09/2019"
"Friends: Season 8: The One with the Secret Closet","03/09/2019"
"Friends: Season 8: The One Where Chandler Takes a Bath","03/09/2019"
"Friends: Season 8: The One Where Joey Dates Rachel","03/09/2019"
"Friends: Season 8: The One with the Creepy Holiday Card","03/09/2019"
"Friends: Season 8: The One with Monica's Boots","03/09/2019"
"Friends: Season 8: The One with the Rumor","02/09/2019"
"Friends: Season 8: The One with the Halloween Party","02/09/2019"
"Friends: Season 8: The One with Rachel's Date","02/09/2019"
"Friends: Season 8: The One with the Red Sweater","02/09/2019"
"Friends: Season 8: The One After I Do","02/09/2019"
"Friends: Season 7: The One with Chandler and Monica's Wedding: Part 2","02/09/2019"
"Friends: Season 7: The One with Chandler and Monica's Wedding: Part 1","02/09/2019"
"Friends: Season 7: The One with Chandler's Dad","02/09/2019"
"Friends: Season 7: The One with the Vows","02/09/2019"
"Friends: Season 7: The One with Rachel's Big Kiss","02/09/2019"
"Friends: Season 7: The One with Ross and Monica's Cousin","02/09/2019"
"Friends: Season 7: The One with the Cheap Wedding Dress","02/09/2019"
"Friends: Season 7: The One with the Truth About London","02/09/2019"
"Friends: Season 7: The One Where They All Turn Thirty","02/09/2019"
"Friends: Season 7: The One with the Holiday Armadillo","01/09/2019"
"Friends: Season 7: The One with Ross' Library Book","01/09/2019"
"Friends: Season 7: The One with the Nap Partners","01/09/2019"
"Friends: Season 7: The One with the Engagement Picture","01/09/2019"
"Friends: Season 7: The One with Rachel's Assistant","01/09/2019"
"Friends: Season 6: The One with the Proposal: Part 2","01/09/2019"
"Friends: Season 6: The One Where Ross Meets Elizabeth's Dad","31/08/2019"
"Friends: Season 6: The One with Joey's Fridge","31/08/2019"
"Friends: Season 6: The One with Unagi","31/08/2019"
"Friends: Season 6: The One That Could Have Been: Part 1","31/08/2019"
"Friends: Season 6: The One Where Chandler Can't Cry","31/08/2019"
"Friends: Season 6: The One Where Ross Got High","31/08/2019"
"Friends: Season 6: The One with Ross's Teeth","31/08/2019"
"Friends: Season 6: The One with Joey's Porsche","31/08/2019"
"Friends: Season 6: The One with Ross's Denial","31/08/2019"
"Friends: Season 5: The One with the Ball","31/08/2019"
"Friends: Season 5: The One with the Ride-Along","31/08/2019"
"Friends: Season 5: The One Where Ross Can't Flirt","31/08/2019"
"Friends: Season 5: The One Where Rachel Smokes","31/08/2019"
"Friends: Season 5: The One with Rachel's Inadvertent Kiss","30/08/2019"
"Friends: Season 5: The One with the Cop","30/08/2019"
"Friends: Season 5: The One with Ross's Sandwich","30/08/2019"
"Friends: Season 5: The One with All the Thanksgivings","30/08/2019"
"Friends: Season 5: The One Where Ross Moves In","30/08/2019"
"Friends: Season 5: The One with the Yeti","30/08/2019"
"Friends: Season 5: The One with the Kips","29/08/2019"
"Friends: Season 5: The One Where Phoebe Hates PBS","29/08/2019"
"Friends: Season 5: The One Hundredth","29/08/2019"
"Friends: Season 5: The One with All the Kissing","28/08/2019"
"Friends: Season 5: The One After Ross Says Rachel","28/08/2019"
"Friends: Season 4: The One with Ross's Wedding: Part 2","28/08/2019"
"Friends: Season 4: The One with Ross's Wedding: Part 1","28/08/2019"
"Friends: Season 4: The One with the Invitation","28/08/2019"
"Friends: Season 4: The One with the Wedding Dresses","28/08/2019"
"Friends: Season 4: The One with All the Haste","28/08/2019"
"Friends: Season 4: The One with Rachel's New Dress","28/08/2019"
"Friends: Season 4: The One with the Free Porn","27/08/2019"
"Friends: Season 4: The One with the Fake Party","27/08/2019"
"Friends: Season 4: The One with All the Rugby","27/08/2019"
"Friends: Season 4: The One with Joey's Dirty Day","27/08/2019"
"Friends: Season 4: The One with Rachel's Crush","27/08/2019"
"Friends: Season 4: The One with the Girl from Poughkeepsie","27/08/2019"
"Friends: Season 4: The One Where They're Going to Party","26/08/2019"
"Friends: Season 4: The One with the Dirty Girl","26/08/2019"
"Friends: Season 4: The One with Joey's New Girlfriend","26/08/2019"
"Friends: Season 4: The One with the Ballroom Dancing","26/08/2019"
"Friends: Season 4: The One with the 'Cuffs","26/08/2019"
"Friends: Season 3: The One with the Ultimate Fighting Champion","26/08/2019"
"Friends: Season 3: The One with Ross's Thing","26/08/2019"
"Friends: Season 3: The One with the Screamer","26/08/2019"
"Friends: Season 3: The One with a Chick. And a Duck","25/08/2019"
"Friends: Season 3: The One with the Dollhouse","25/08/2019"
"Friends: Season 3: The One with the Tiny T-Shirt","25/08/2019"
"Friends: Season 3: The One with the Hypnosis Tape","25/08/2019"
"Friends: Season 3: The One The Morning After","25/08/2019"
"Friends: Season 3: The One Where Ross & Rachel Take a Break","25/08/2019"
"Friends: Season 3: The One with Phoebe's Ex-Partner","25/08/2019"
"Friends: Season 3: The One Where Monica & Richard Are Just Friends","25/08/2019"
"Friends: Season 3: The One with All the Jealousy","25/08/2019"
"Friends: Season 3: The One Where Rachel Quits","25/08/2019"
"Friends: Season 3: The One with the Football","25/08/2019"
"Friends: Season 3: The One with the Race Car Bed","25/08/2019"
"Friends: Season 3: The One with the Flashback","25/08/2019"
"Friends: Season 3: The One with Frank Jr","25/08/2019"
"Friends: Season 3: The One with the Metaphorical Tunnel","24/08/2019"
"Friends: Season 3: The One Where No One's Ready","24/08/2019"
"Friends: Season 3: The One with the Princess Leia Fantasy","24/08/2019"
"Friends: Season 2: The One with the Breast Milk","24/08/2019"
"Friends: Season 1: The One with the Fake Monica","24/08/2019"
"Friends: Season 1: The One with the Boobies","24/08/2019"
"Friends: Season 1: The One with the Dozen Lasagnas","24/08/2019"
"About Time","23/08/2019"
"That '70s Show: Season 1: Pilot","23/08/2019"
"Trinkets: Season 1: The Great Escape","23/08/2019"
"Trinkets: Season 1: Night Market","23/08/2019"
"Trinkets: Season 1: Monday I'm in Love","23/08/2019"
"Trinkets: Season 1: Truth Serum","22/08/2019"
"Trinkets: Season 1: Rearview Mirror","22/08/2019"
"Trinkets: Season 1: Big Mistake","22/08/2019"
"Trinkets: Season 1: Happy F**king Birthday","22/08/2019"
"Trinkets: Season 1: P*ssy Palace","22/08/2019"
"Trinkets: Season 1: Paper Tiger","22/08/2019"
"Trinkets: Season 1: Mirror Faces","22/08/2019"
"Derry Girls: Season 1: Episode 1","22/08/2019"
"How I Met Your Mother: Season 9: Last Forever: Part Two","21/08/2019"
"How I Met Your Mother: Season 9: Last Forever: Part One","21/08/2019"
"How I Met Your Mother: Season 9: The End of the Aisle","21/08/2019"
"How I Met Your Mother: Season 9: Gary Blauman","21/08/2019"
"How I Met Your Mother: Season 9: Daisy","21/08/2019"
"How I Met Your Mother: Season 9: Vesuvius","21/08/2019"
"How I Met Your Mother: Season 9: Rally","21/08/2019"
"How I Met Your Mother: Season 9: Sunrise","21/08/2019"
"How I Met Your Mother: Season 9: How Your Mother Met Me","20/08/2019"
"How I Met Your Mother: Season 9: Unpause","20/08/2019"
"How I Met Your Mother: Season 9: Slapsgiving 3: Slappointment in Slapmarra","20/08/2019"
"How I Met Your Mother: Season 9: Bass Player Wanted","20/08/2019"
"How I Met Your Mother: Season 9: The Rehearsal Dinner","20/08/2019"
"How I Met Your Mother: Season 9: Bedtime Stories","20/08/2019"
"How I Met Your Mother: Season 9: Mom and Dad","20/08/2019"
"How I Met Your Mother: Season 9: Platonish","20/08/2019"
"How I Met Your Mother: Season 9: The Lighthouse","20/08/2019"
"How I Met Your Mother: Season 9: No Questions Asked","19/08/2019"
"How I Met Your Mother: Season 9: Knight Vision","19/08/2019"
"How I Met Your Mother: Season 9: The Poker Game","18/08/2019"
"How I Met Your Mother: Season 9: The Broken Code","18/08/2019"
"How I Met Your Mother: Season 9: Last Time in New York","18/08/2019"
"How I Met Your Mother: Season 9: Coming Back","18/08/2019"
"How I Met Your Mother: Season 9: The Locket","18/08/2019"
"How I Met Your Mother: Season 8: Something New","18/08/2019"
"How I Met Your Mother: Season 8: Something Old","18/08/2019"
"How I Met Your Mother: Season 8: The Bro Mitzvah","18/08/2019"
"How I Met Your Mother: Season 8: Romeward Bound","18/08/2019"
"How I Met Your Mother: Season 8: The Time Travelers","18/08/2019"
"How I Met Your Mother: Season 8: The Fortress","17/08/2019"
"How I Met Your Mother: Season 8: Weekend at Barney's","17/08/2019"
"How I Met Your Mother: Season 8: The Ashtray","17/08/2019"
"How I Met Your Mother: Season 8: Bad Crazy","17/08/2019"
"How I Met Your Mother: Season 8: P.S. I Love You","17/08/2019"
"How I Met Your Mother: Season 8: Ring Up!","16/08/2019"
"How I Met Your Mother: Season 8: Band or DJ?","16/08/2019"
"How I Met Your Mother: Season 8: The Final Page: Part 2","16/08/2019"
"How I Met Your Mother: Season 8: The Final Page: Part 1","16/08/2019"
"How I Met Your Mother: Season 8: The Over-Correction","16/08/2019"
"How I Met Your Mother: Season 8: Lobster Crawl","16/08/2019"
"How I Met Your Mother: Season 8: Twelve Horny Women","15/08/2019"
"How I Met Your Mother: Season 8: The Stamp Tramp","15/08/2019"
"How I Met Your Mother: Season 8: Splitsville","15/08/2019"
"How I Met Your Mother: Season 8: The Autumn of Break-Ups","15/08/2019"
"How I Met Your Mother: Season 8: Who Wants to Be a Godparent?","14/08/2019"
"How I Met Your Mother: Season 8: Nannies","14/08/2019"
"How I Met Your Mother: Season 8: The Pre-Nup","14/08/2019"
"How I Met Your Mother: Season 8: Farhampton","14/08/2019"
"How I Met Your Mother: Season 7: The Magician's Code Part 2","13/08/2019"
"How I Met Your Mother: Season 7: The Magician's Code Part 1","13/08/2019"
"How I Met Your Mother: Season 7: Good Crazy","13/08/2019"
"How I Met Your Mother: Season 7: Now We're Even","13/08/2019"
"How I Met Your Mother: Season 7: Trilogy Time","12/08/2019"
"How I Met Your Mother: Season 7: The Broath","12/08/2019"
"How I Met Your Mother: Season 7: Karma","12/08/2019"
"How I Met Your Mother: Season 7: No Pressure","12/08/2019"
"How I Met Your Mother: Season 7: The Drunk Train","12/08/2019"
"How I Met Your Mother: Season 7: The Burning Beekeeper","12/08/2019"
"How I Met Your Mother: Season 7: 46 Minutes","12/08/2019"
"How I Met Your Mother: Season 7: Tailgate","11/08/2019"
"How I Met Your Mother: Season 7: Symphony of Illumination","11/08/2019"
"How I Met Your Mother: Season 7: The Rebound Girl","11/08/2019"
"How I Met Your Mother: Season 7: Tick Tick Tick","11/08/2019"
"How I Met Your Mother: Season 7: Disaster Averted","11/08/2019"
"How I Met Your Mother: Season 7: The Slutty Pumpkin Returns","11/08/2019"
"How I Met Your Mother: Season 7: Noretta","11/08/2019"
"Bridget Jones: The Edge of Reason","10/08/2019"
"Forgetting Sarah Marshall","10/08/2019"
"How I Met Your Mother: Season 7: Mystery vs. History","10/08/2019"
"How I Met Your Mother: Season 7: Field Trip","10/08/2019"
"How I Met Your Mother: Season 7: The Stinson Missile Crisis","09/08/2019"
"How I Met Your Mother: Season 7: Ducky Tie","09/08/2019"
"How I Met Your Mother: Season 7: The Naked Truth","09/08/2019"
"How I Met Your Mother: Season 7: The Best Man","09/08/2019"
"How I Met Your Mother: Season 6: Challenge Accepted","09/08/2019"
"How I Met Your Mother: Season 6: Landmarks","09/08/2019"
"How I Met Your Mother: Season 6: The Perfect Cocktail","09/08/2019"
"How I Met Your Mother: Season 6: The Exploding Meatball Sub","09/08/2019"
"How I Met Your Mother: Season 6: Legendaddy","08/08/2019"
"How I Met Your Mother: Season 6: A Change of Heart","08/08/2019"
"How I Met Your Mother: Season 6: Garbage Island","08/08/2019"
"How I Met Your Mother: Season 6: Desperation Day","08/08/2019"
"How I Met Your Mother: Season 6: Oh Honey","08/08/2019"
"How I Met Your Mother: Season 6: Last Words","04/08/2019"
"How I Met Your Mother: Season 6: Bad News","04/08/2019"
"How I Met Your Mother: Season 6: False Positive","03/08/2019"
"How I Met Your Mother: Season 6: The Mermaid Theory","03/08/2019"
"How I Met Your Mother: Season 6: Blitzgiving","03/08/2019"
"How I Met Your Mother: Season 6: Glitter","03/08/2019"
"How I Met Your Mother: Season 6: Natural History","03/08/2019"
"How I Met Your Mother: Season 6: Canning Randy","03/08/2019"
"How I Met Your Mother: Season 6: Baby Talk","03/08/2019"
"How I Met Your Mother: Season 6: Architect of Destruction","02/08/2019"
"How I Met Your Mother: Season 6: Subway Wars","02/08/2019"
"How I Met Your Mother: Season 6: Unfinished","02/08/2019"
"How I Met Your Mother: Season 6: Cleaning House","02/08/2019"
"How I Met Your Mother: Season 6: Big Days","01/08/2019"
"How I Met Your Mother: Season 5: Doppelgangers","01/08/2019"
"How I Met Your Mother: Season 5: The Wedding Bride","31/07/2019"
"How I Met Your Mother: Season 5: Robots Vs. Wrestlers","31/07/2019"
"How I Met Your Mother: Season 5: Twin Beds","31/07/2019"
"How I Met Your Mother: Season 5: Home Wreckers","31/07/2019"
"How I Met Your Mother: Season 5: Zoo or False","31/07/2019"
"How I Met Your Mother: Season 5: Say Cheese","31/07/2019"
"How I Met Your Mother: Season 5: Of Course","30/07/2019"
"How I Met Your Mother: Season 5: Hooked","30/07/2019"
"How I Met Your Mother: Season 5: Rabbit or Duck","30/07/2019"
"How I Met Your Mother: Season 5: Perfect Week","30/07/2019"
"How I Met Your Mother: Season 5: Jenkins","30/07/2019"
"How I Met Your Mother: Season 5: Girls Vs. Suits","30/07/2019"
"Bridesmaids","29/07/2019"
"How I Met Your Mother: Season 5: Last Cigarette Ever","29/07/2019"
"How I Met Your Mother: Season 5: The Window","29/07/2019"
"How I Met Your Mother: Season 5: Slapsgiving 2: Revenge of the Slap","28/07/2019"
"How I Met Your Mother: Season 5: The Playbook","28/07/2019"
"How I Met Your Mother: Season 5: The Rough Patch","28/07/2019"
"How I Met Your Mother: Season 5: Bagpipes","28/07/2019"
"How I Met Your Mother: Season 5: Duel Citizenship","28/07/2019"
"How I Met Your Mother: Season 5: The Sexless Innkeeper","28/07/2019"
"How I Met Your Mother: Season 5: Robin 101","28/07/2019"
"How I Met Your Mother: Season 5: Double Date","27/07/2019"
"How I Met Your Mother: Season 5: Definitions","26/07/2019"
"How I Met Your Mother: Season 4: The Leap","26/07/2019"
"How I Met Your Mother: Season 4: As Fast as She Can","26/07/2019"
"How I Met Your Mother: Season 4: Right Place Right Time","26/07/2019"
"How I Met Your Mother: Season 4: The Three Days Rule","26/07/2019"
"How I Met Your Mother: Season 4: Mosbius Designs","25/07/2019"
"How I Met Your Mother: Season 4: Murtaugh","25/07/2019"
"How I Met Your Mother: Season 4: Old King Clancy","25/07/2019"
"How I Met Your Mother: Season 4: The Front Porch","25/07/2019"
"How I Met Your Mother: Season 4: Sorry, Bro","24/07/2019"
"How I Met Your Mother: Season 4: The Stinsons","24/07/2019"
"How I Met Your Mother: Season 4: Possimpible","24/07/2019"
"How I Met Your Mother: Season 4: Three Days of Snow","24/07/2019"
"How I Met Your Mother: Season 4: Benefits","24/07/2019"
"The Notebook","23/07/2019"
"How I Met Your Mother: Season 4: Little Minnesota","23/07/2019"
"How I Met Your Mother: Season 4: The Fight","23/07/2019"
"How I Met Your Mother: Season 4: The Naked Man","22/07/2019"
"How I Met Your Mother: Season 4: Woooo!","22/07/2019"
"How I Met Your Mother: Season 4: Not a Father's Day","22/07/2019"
"How I Met Your Mother: Season 4: Happily Ever After","20/07/2019"
"How I Met Your Mother: Season 4: Shelter Island","20/07/2019"
"How I Met Your Mother: Season 4: Intervention","20/07/2019"
"How I Met Your Mother: Season 4: I Heart NJ","20/07/2019"
"How I Met Your Mother: Season 4: The Best Burger in New York","20/07/2019"
"How I Met Your Mother: Season 4: Do I Know You?","19/07/2019"
"How I Met Your Mother: Season 3: Miracles","19/07/2019"
"How I Met Your Mother: Season 3: Everything Must Go","19/07/2019"
"How I Met Your Mother: Season 3: Rebound Bro","18/07/2019"
"How I Met Your Mother: Season 3: The Goat","18/07/2019"
"How I Met Your Mother: Season 3: Sandcastles in the Sand","18/07/2019"
"How I Met Your Mother: Season 3: The Chain of Screaming","18/07/2019"
"After","18/07/2019"
"How I Met Your Mother: Season 3: The Bracket","17/07/2019"
"How I Met Your Mother: Season 3: Ten Sessions","16/07/2019"
"How I Met Your Mother: Season 3: No Tomorrow","16/07/2019"
"How I Met Your Mother: Season 3: The Platinum Rule","16/07/2019"
"How I Met Your Mother: Season 3: The Yips","16/07/2019"
"How I Met Your Mother: Season 3: Slapsgiving","16/07/2019"
"How I Met Your Mother: Season 3: Spoiler Alert","16/07/2019"
"How I Met Your Mother: Season 3: Dowisetrepla","15/07/2019"
"How I Met Your Mother: Season 3: I'm Not That Guy","15/07/2019"
"How I Met Your Mother: Season 3: How I Met Everyone Else","15/07/2019"
"How I Met Your Mother: Season 3: Little Boys","15/07/2019"
"Baywatch","14/07/2019"
"How I Met Your Mother: Season 3: Third Wheel","14/07/2019"
"How I Met Your Mother: Season 3: We're Not From Here","14/07/2019"
"How I Met Your Mother: Season 3: Wait for It","13/07/2019"
"How I Met Your Mother: Season 2: Something Blue","13/07/2019"
"How I Met Your Mother: Season 2: Something Borrowed","13/07/2019"
"How I Met Your Mother: Season 2: Showdown","13/07/2019"
"How I Met Your Mother: Season 2: Bachelor Party","13/07/2019"
"Elizabeth: The Golden Age","13/07/2019"
"How I Met Your Mother: Season 2: Moving Day","13/07/2019"
"How I Met Your Mother: Season 2: Arrivederci, Fiero","13/07/2019"
"How I Met Your Mother: Season 2: Stuff","12/07/2019"
"How I Met Your Mother: Season 2: Lucky Penny","11/07/2019"
"How I Met Your Mother: Season 2: Monday Night Football","11/07/2019"
"How I Met Your Mother: Season 2: Columns","07/07/2019"
"How I Met Your Mother: Season 2: First Time in New York","07/07/2019"
"How I Met Your Mother: Season 2: How Lily Stole Christmas","07/07/2019"
"How I Met Your Mother: Season 2: Single Stamina","07/07/2019"
"Pitch Perfect","06/07/2019"
"How I Met Your Mother: Season 2: Slap Bet","06/07/2019"
"How I Met Your Mother: Season 2: Atlantic City","06/07/2019"
"How I Met Your Mother: Season 2: Swarley","04/07/2019"
"How I Met Your Mother: Season 2: Aldrin Justice","04/07/2019"
"How I Met Your Mother: Season 2: World's Greatest Couple","04/07/2019"
"How I Met Your Mother: Season 2: Ted Mosby: Architect","04/07/2019"
"How I Met Your Mother: Season 2: Brunch","03/07/2019"
"How I Met Your Mother: Season 2: The Scorpion and the Toad","02/07/2019"
"How I Met Your Mother: Season 2: Where Were We?","02/07/2019"
"How I Met Your Mother: Season 1: Come On","01/07/2019"
"How I Met Your Mother: Season 1: Milk","01/07/2019"
"How I Met Your Mother: Season 1: Best Prom Ever","01/07/2019"
"How I Met Your Mother: Season 1: Mary the Paralegal","30/06/2019"
"How I Met Your Mother: Season 1: Nothing Good Happens After 2 A.M.","30/06/2019"
"How I Met Your Mother: Season 1: Life Among the Gorillas","30/06/2019"
"How I Met Your Mother: Season 1: Cupcake","30/06/2019"
"How I Met Your Mother: Season 1: Game Night","29/06/2019"
"How I Met Your Mother: Season 1: Zip, Zip, Zip","29/06/2019"
"How I Met Your Mother: Season 1: Drumroll, Please","28/06/2019"
"How I Met Your Mother: Season 1: The Wedding","28/06/2019"
"How I Met Your Mother: Season 1: The Limo","28/06/2019"
"How I Met Your Mother: Season 1: The Pineapple Incident","27/06/2019"
"How I Met Your Mother: Season 1: Belly Full of Turkey","27/06/2019"
"How I Met Your Mother: Season 1: The Duel","26/06/2019"
"How I Met Your Mother: Season 1: Matchmaker","26/06/2019"
"How I Met Your Mother: Season 1: The Slutty Pumpkin","25/06/2019"
"How I Met Your Mother: Season 1: Okay Awesome","25/06/2019"
"How I Met Your Mother: Season 1: Return of the Shirt","25/06/2019"
"How I Met Your Mother: Season 1: The Sweet Taste of Liberty","24/06/2019"
"How I Met Your Mother: Season 1: Purple Giraffe","24/06/2019"
"How I Met Your Mother: Season 1: Pilot","23/06/2019"
"Pretty Little Liars: Season 2: Breaking the Code","23/06/2019"
"The Last Summer","22/06/2019"
"Pretty Little Liars: Season 2: Ctrl: A","22/06/2019"
"Pretty Little Liars: Season 2: The Naked Truth","21/06/2019"
"Pretty Little Liars: Season 2: A Kiss Before Lying","21/06/2019"
"Pretty Little Liars: Season 2: The Blonde Leading the Blind","20/06/2019"
"Pretty Little Liars: Season 2: Let the Water Hold Me Down","20/06/2019"
"Pretty Little Liars: Season 2: A Hot Piece of A","19/06/2019"
"Pretty Little Liars: Season 2: Through Many Dangers, Toils and Snares","19/06/2019"
"Pretty Little Liars: Season 2: The First Secret","18/06/2019"
"Pretty Little Liars: Season 2: Over My Dead Body","18/06/2019"
"Pretty Little Liars: Season 2: I Must Confess","18/06/2019"
"Pretty Little Liars: Season 2: Touched by an A-ngel","17/06/2019"
"Pretty Little Liars: Season 2: Picture This","17/06/2019"
"Pretty Little Liars: Season 2: Save the Date","17/06/2019"
"Pretty Little Liars: Season 2: Surface Tension","17/06/2019"
"Pretty Little Liars: Season 2: Never Letting Go","17/06/2019"
"Pretty Little Liars: Season 2: The Devil You Know","16/06/2019"
"Pretty Little Liars: Season 2: Blind Dates","16/06/2019"
"Pretty Little Liars: Season 2: My Name Is Trouble","15/06/2019"
"Pretty Little Liars: Season 2: The Good-bye Look","15/06/2019"
"Murder Mystery","14/06/2019"
"Pretty Little Liars: Season 2: It's Alive","14/06/2019"
"Pretty Little Liars: Season 1: For Whom the Bell Tolls","14/06/2019"
"Pretty Little Liars: Season 1: Monsters in the End","13/06/2019"
"Pretty Little Liars: Season 1: Someone to Watch Over Me","13/06/2019"
"Pretty Little Liars: Season 1: A Person of Interest","13/06/2019"
"Pretty Little Liars: Season 1: The Badass Seed","12/06/2019"
"Pretty Little Liars: Season 1: The New Normal","12/06/2019"
"Pretty Little Liars: Season 1: Je Suis Une Amie","11/06/2019"
"Pretty Little Liars: Season 1: If at First You Don't Succeed, Lie, Lie Again","11/06/2019"
"Pretty Little Liars: Season 1: Careful What U Wish 4","10/06/2019"
"Pretty Little Liars: Season 1: Know Your Frenemies","10/06/2019"
"Pretty Little Liars: Season 1: Salt Meets Wound","09/06/2019"
"Pretty Little Liars: Season 1: Moments Later","09/06/2019"
"Pretty Little Liars: Season 1: Keep Your Friends Close","09/06/2019"
"Pretty Little Liars: Season 1: The Perfect Storm","08/06/2019"
"Pretty Little Liars: Season 1: Please, Do Talk About Me When I'm Gone","08/06/2019"
"Pretty Little Liars: Season 1: The Homecoming Hangover","07/06/2019"
"Pretty Little Liars: Season 1: There's No Place Like Homecoming","07/06/2019"
"Pretty Little Liars: Season 1: Reality Bites Me","06/06/2019"
"Pretty Little Liars: Season 1: Can You Hear Me Now?","06/06/2019"
"Pretty Little Liars: Season 1: To Kill a Mocking Girl","06/06/2019"
"Pretty Little Liars: Season 1: The Jenna Thing","06/06/2019"
"Pretty Little Liars: Season 1: Pilot","06/06/2019"
"Teen Wolf: Season 1: Wolf Moon","06/06/2019"
"Departures","05/06/2019"
"Gossip Girl: Season 4: The Witches of Bushwick","05/06/2019"
"Gossip Girl: Season 4: Juliet Doesn't Live Here Anymore","04/06/2019"
"Gossip Girl: Season 4: War at the Roses","04/06/2019"
"Gossip Girl: Season 4: Goodbye, Columbia","03/06/2019"
"Gossip Girl: Season 4: Easy J","03/06/2019"
"Gossip Girl: Season 4: Touch of Eva","02/06/2019"
"Gossip Girl: Season 4: The Undergraduates","01/06/2019"
"SPF-18","31/05/2019"
"Gossip Girl: Season 4: Double Identity","31/05/2019"
"Gossip Girl: Season 4: Belles de Jour","31/05/2019"
"Gossip Girl: Season 3: Last Tango, Then Paris","30/05/2019"
"Gossip Girl: Season 3: Ex-Husbands and Wives","30/05/2019"
"Gossip Girl: Season 3: It's a Dad, Dad, Dad, Dad World","29/05/2019"
"Gossip Girl: Season 3: Dr. Estrangeloved","29/05/2019"
"Grace and Frankie: Season 1: The End","29/05/2019"
"Merlin: Season 1: The Dragon's Call","29/05/2019"
"Pride and Prejudice: Episode 1","27/05/2019"
"Miranda: Series 3: A Brief Encounter","27/05/2019"
"Belle","26/05/2019"
"Miranda: Series 3: What a Surprise","26/05/2019"
"Miranda: Series 2: The Perfect Christmas","26/05/2019"
"Mary Shelley","25/05/2019"
"Miranda: Series 1: Job","25/05/2019"
"Miranda: Series 1: Teacher","25/05/2019"
"Miranda: Series 1: Date","24/05/2019"
"Miranda: Series 1: Holiday","24/05/2019"
"Miranda: Series 1: Dog","23/05/2019"
"Miranda: Series 1: Excuse","23/05/2019"
"Miranda: Series 2: Before I Die","22/05/2019"
"Miranda: Series 2: The New Me","21/05/2019"
"Abduction","21/05/2019"
"Miranda: Series 2: Let's Do It","20/05/2019"
"Miranda: Series 2: A New Low","20/05/2019"
"Miranda: Series 3: Three Little Words","19/05/2019"
"Friends: Season 6: The One Where Ross Dates a Student","18/05/2019"
"The Mortal Instruments: City of Bones","17/05/2019"
"On My Block: Season 2: Chapter Sixteen","14/05/2019"
"Friends: Season 6: The One with Rachel's Sister","13/05/2019"
"Sierra Burgess Is a Loser","12/05/2019"
"On My Block: Season 2: Chapter Fifteen","11/05/2019"
"On My Block: Season 2: Chapter Fourteen","10/05/2019"
"On My Block: Season 2: Chapter Thirteen","10/05/2019"
"On My Block: Season 2: Chapter Twelve","09/05/2019"
"On My Block: Season 2: Chapter Eleven","09/05/2019"
"On My Block: Season 1: Chapter Ten","08/05/2019"
"On My Block: Season 1: Chapter Nine","08/05/2019"
"On My Block: Season 1: Chapter Eight","07/05/2019"
"On My Block: Season 1: Chapter Seven","06/05/2019"
"On My Block: Season 1: Chapter Six","06/05/2019"
"On My Block: Season 1: Chapter Five","05/05/2019"
"On My Block: Season 1: Chapter Four","05/05/2019"
"On My Block: Season 1: Chapter Three","04/05/2019"
"On My Block: Season 1: Chapter Two","03/05/2019"
"On My Block: Season 1: Chapter One","03/05/2019"
"My First First Love: Season 1: A Close Friend -- Who’s Only Just a Friend","03/05/2019"
"Friends: Season 6: The One with the Joke","02/05/2019"
"Friends: Season 6: The One with the Apothecary Table","01/05/2019"
"Friends: Season 6: The One with the Routine","30/04/2019"
"Friends: Season 6: The One Where Phoebe Runs","28/04/2019"
"Friends: Season 6: The One Where Ross Hugs Rachel","27/04/2019"
"The DUFF","26/04/2019"
"BONDING: Season 1: Old Friends, New Names","26/04/2019"
"Friends: Season 5: The One with the Inappropriate Sister","25/04/2019"
"Friends: Season 3: The One with the Jam","24/04/2019"
"Friends: Season 2: The One with the Prom Video","23/04/2019"
"Friends: Season 2: The One After the Super Bowl: Part 2","23/04/2019"
"Friends: Season 2: The One with the Lesbian Wedding","23/04/2019"
"Shadowhunters: The Mortal Instruments: Season 1: Rise Up","23/04/2019"
"Shadowhunters: The Mortal Instruments: Season 1: Bad Blood","22/04/2019"
"Shadowhunters: The Mortal Instruments: Season 1: Major Arcana","20/04/2019"
"Shadowhunters: The Mortal Instruments: Season 1: Of Men and Angels","19/04/2019"
"Shadowhunters: The Mortal Instruments: Season 1: Moo Shu to Go","18/04/2019"
"Shadowhunters: The Mortal Instruments: Season 1: Raising Hell","18/04/2019"
"Shadowhunters: The Mortal Instruments: Season 1: Dead Man's Party","17/04/2019"
"Shadowhunters: The Mortal Instruments: Season 1: The Descent Into Hell Isn't Easy","16/04/2019"
"Shadowhunters: The Mortal Instruments: Season 1: The Mortal Cup","16/04/2019"
"Queer Eye: Season 3: Lost Boy","15/04/2019"
"Queer Eye: Season 3: When Robert Met Jamie","15/04/2019"
"Queer Eye: Season 3: Black Girl Magic","15/04/2019"
"Red Riding Hood","15/04/2019"
"Dogs: Season 1: The Kid with a Dog","15/04/2019"
"Dating Around: Season 1: Leonard","14/04/2019"
"Dating Around: Season 1: Mila","14/04/2019"
"Dating Around: Season 1: Sarah","13/04/2019"
"Dating Around: Season 1: Lex","13/04/2019"
"Dating Around: Season 1: Gurki","12/04/2019"
"Brooklyn Nine-Nine: Season 5: Jake & Amy","11/04/2019"
"What to Expect When You're Expecting","11/04/2019"
"The Princess Bride","10/04/2019"
"Brooklyn Nine-Nine: Season 5: White Whale","10/04/2019"
"Dating Around: Season 1: Luke","10/04/2019"
"The Perks of Being a Wallflower","08/04/2019"
"Brooklyn Nine-Nine: Season 5: Show Me Going","08/04/2019"
"Brooklyn Nine-Nine: Season 5: Bachelor/ette Party","08/04/2019"
"Brooklyn Nine-Nine: Season 5: Gray Star Mutual","07/04/2019"
"Brooklyn Nine-Nine: Season 5: DFW","07/04/2019"
"Brooklyn Nine-Nine: Season 5: NutriBoom","06/04/2019"
"Brooklyn Nine-Nine: Season 5: The Puzzle Master","06/04/2019"
"Brooklyn Nine-Nine: Season 5: The Box","05/04/2019"
"Brooklyn Nine-Nine: Season 5: The Negotiation","05/04/2019"
"The Other Boleyn Girl","04/04/2019"
"Brooklyn Nine-Nine: Season 5: Safe House","04/04/2019"
"Brooklyn Nine-Nine: Season 5: The Favor","04/04/2019"
"Brooklyn Nine-Nine: Season 5: Game Night","03/04/2019"
"Brooklyn Nine-Nine: Season 5: 99","03/04/2019"
"Brooklyn Nine-Nine: Season 5: Return to Skyfire","02/04/2019"
"Brooklyn Nine-Nine: Season 5: Two Turkeys","02/04/2019"
"Brooklyn Nine-Nine: Season 5: The Venue","01/04/2019"
"Just Go With It","30/03/2019"
"Brooklyn Nine-Nine: Season 5: Bad Beat","30/03/2019"
"Brooklyn Nine-Nine: Season 5: HalloVeen","30/03/2019"
"Queer Eye: Season 3: From Hunter to Huntee","29/03/2019"
"Gossip Girl: Season 3: The Unblairable Lightness of Being","28/03/2019"
"Gossip Girl: Season 3: Inglorius Bassterds","27/03/2019"
"Gossip Girl: Season 3: The Empire Strikes Jack","26/03/2019"
"Gossip Girl: Season 3: The Sixteen Year Old Virgin","25/03/2019"
"Gossip Girl: Season 3: The Lady Vanished","24/03/2019"
"Gossip Girl: Season 3: The Hurt Locket","24/03/2019"
"Reign: Season 1: Pilot","23/03/2019"
"Gossip Girl: Season 3: The Debarted","23/03/2019"
"Gossip Girl: Season 3: The Treasure of Serena Madre","23/03/2019"
"Gossip Girl: Season 3: The Last Days of Disco Stick","22/03/2019"
"Gossip Girl: Season 3: They Shoot Humphreys, Don't They?","22/03/2019"
"Gossip Girl: Season 3: The Grandfather: Part ll","21/03/2019"
"Gossip Girl: Season 3: How to Succeed in Bassness","20/03/2019"
"Gossip Girl: Season 3: Enough About Eve","19/03/2019"
"Gossip Girl: Season 3: Rufus Getting Married","19/03/2019"
"Jane The Virgin: Season 1: Chapter Seven","18/03/2019"
"The Twilight Saga: Breaking Dawn: Part 1","18/03/2019"
"Snow White & the Huntsman","18/03/2019"
"P.S. I Love You","18/03/2019"
"Brooklyn Nine-Nine: Season 5: Kicks","17/03/2019"
"Gossip Girl: Season 3: Dan de Fleurette","17/03/2019"
"Gossip Girl: Season 3: The Lost Boy","17/03/2019"
"Gossip Girl: Season 3: The Freshmen","16/03/2019"
"Gossip Girl: Season 3: Reversals of Fortune","15/03/2019"
"Brooklyn Nine-Nine: Season 5: The Big House, Pt. 2","14/03/2019"
"Gossip Girl: Season 2: The Goodbye Gossip Girl","14/03/2019"
"Gossip Girl: Season 2: Valley Girls","13/03/2019"
"Gossip Girl: Season 2: The Wrath of Con","13/03/2019"
"Gossip Girl: Season 2: Southern Gentlemen Prefer Blondes","12/03/2019"
"Brooklyn Nine-Nine: Season 5: The Big House, Pt. 1","10/03/2019"
"Gossip Girl: Season 2: Seder Anything","10/03/2019"
"Gossip Girl: Season 2: Remains of the J","09/03/2019"
"Gossip Girl: Season 2: The Grandfather","09/03/2019"
"Gossip Girl: Season 2: The Age of Dissonance","08/03/2019"
"Gossip Girl: Season 2: Carrnal Knowledge","07/03/2019"
"Gossip Girl: Season 2: You've Got Yale!","07/03/2019"
"Gossip Girl: Season 2: Gone with the Will","06/03/2019"
"Gossip Girl: Season 2: In the Realm of the Basses","05/03/2019"
"Gossip Girl: Season 2: O Brother, Where Bart Thou?","05/03/2019"
"Gossip Girl: Season 2: It's a Wonderful Lie","04/03/2019"
"Gossip Girl: Season 2: The Magnificent Archibalds","03/03/2019"
"Gossip Girl: Season 2: Bonfire of the Vanity","03/03/2019"
"Gossip Girl: Season 2: There Might be Blood","02/03/2019"
"Gossip Girl: Season 2: Pret-a-Poor-J","01/03/2019"
"Gossip Girl: Season 2: Chuck In Real Life","01/03/2019"
"Gossip Girl: Season 2: New Haven Can Wait","28/02/2019"
"Gossip Girl: Season 2: The Serena Also Rises","27/02/2019"
"Gossip Girl: Season 2: The Ex-Files","26/02/2019"
"Gossip Girl: Season 2: The Dark Night","25/02/2019"
"Gossip Girl: Season 2: Never Been Marcused","24/02/2019"
"Gossip Girl: Season 2: Summer, Kind of Wonderful","23/02/2019"
"Gossip Girl: Season 1: Much 'I Do' About Nothing","22/02/2019"
"Gossip Girl: Season 1: All About My Brother","22/02/2019"
"Gossip Girl: Season 1: Desperately Seeking Serena","22/02/2019"
"Gossip Girl: Season 1: The Blair Bitch Project","21/02/2019"
"Gossip Girl: Season 1: A Thin Line Between Chuck and Nate","20/02/2019"
"To the Bone","18/02/2019"
"Dynasty: Season 1: Poor Little Rich Girl","18/02/2019"
"Gossip Girl: Season 1: School Lies","18/02/2019"
"Gossip Girl: Season 1: Roman Holiday","18/02/2019"
"Gossip Girl: Season 1: Hi, Society","17/02/2019"
"Gossip Girl: Season 1: Blair Waldorf Must Pie!","16/02/2019"
"Gossip Girl: Season 1: Seventeen Candles","15/02/2019"
"Yummy Mummies: Season 1: Episode 10","14/02/2019"
"Yummy Mummies: Season 1: Episode 9","14/02/2019"
"Yummy Mummies: Season 1: Episode 8","13/02/2019"
"Yummy Mummies: Season 1: Episode 7","13/02/2019"
"Yummy Mummies: Season 1: Episode 6","12/02/2019"
"Yummy Mummies: Season 1: Episode 5","10/02/2019"
"Yummy Mummies: Season 1: Episode 4","09/02/2019"
"Yummy Mummies: Season 1: Episode 3","08/02/2019"
"Yummy Mummies: Season 1: Episode 2","08/02/2019"
"Yummy Mummies: Season 1: Episode 1","08/02/2019"
"Gossip Girl: Season 1: Victor, Victrola","08/02/2019"
"Dynasty: Season 1: Our Turn Now","07/02/2019"
"Dynasty: Season 1: The Gospel According to Blake Carrington","06/02/2019"
"Dynasty: Season 1: Nothing But Trouble","06/02/2019"
"Dynasty: Season 1: Promises You Can’t Keep","05/02/2019"
"Dynasty: Season 1: I Answer To No Man","05/02/2019"
"North & South: Episode 1","03/02/2019"
"Gossip Girl: Season 1: The Handmaiden's Tale","02/02/2019"
"Gossip Girl: Season 1: Dare Devil","01/02/2019"
"Gossip Girl: Season 1: Bad News Blair","01/02/2019"
"Gossip Girl: Season 1: Poison Ivy","31/01/2019"
"Gossip Girl: Season 1: The Wild Brunch","31/01/2019"
"Gossip Girl: Season 1: Pilot","30/01/2019"
"Dynasty: Season 1: A Well Dressed Tarantula","29/01/2019"
"Dynasty: Season 1: Rotten Things","28/01/2019"
"Dynasty: Season 1: The Best Things In Life","27/01/2019"
"Dynasty: Season 1: A Taste of Your Own Medicine","27/01/2019"
"Dynasty: Season 1: I Only Exist For Me","26/01/2019"
"Reign: Season 1: Dirty Laundry","25/01/2019"
"Reign: Season 1: The Consummation","25/01/2019"
"Reign: Season 1: Royal Blood","24/01/2019"
"Reign: Season 1: Inquisition","24/01/2019"
"Reign: Season 1: Sacrifice","23/01/2019"
"Reign: Season 1: For King and Country","23/01/2019"
"Reign: Season 1: Fated","22/01/2019"
"Reign: Season 1: Left Behind","22/01/2019"
"Reign: Season 1: Chosen","21/01/2019"
"Reign: Season 1: A Chill in the Air","21/01/2019"
"Reign: Season 1: Hearts and Minds","20/01/2019"
"Reign: Season 1: Kissed","20/01/2019"
"Reign: Season 1: Snakes in the Garden","19/01/2019"
"Dynasty: Season 1: Company Slut","19/01/2019"
"Dynasty: Season 1: Private As A Circus","18/01/2019"
"Dynasty: Season 1: Guilt is for Insecure People","17/01/2019"
"Dynasty: Season 1: Spit It Out","17/01/2019"
"Dynasty: Season 1: I Hardly Recognized You","16/01/2019"
"Everything Sucks!: Season 1: We Were Merely Freshmen","15/01/2019"
"Everything Sucks!: Season 1: My Friends Have Been Eaten by Spiders","13/01/2019"
"Everything Sucks!: Season 1: I Just Wanna Be Anybody","13/01/2019"
"Everything Sucks!: Season 1: Cheesecake to a Fat Man","13/01/2019"
"Everything Sucks!: Season 1: Sometimes I Hear My Voice","13/01/2019"
"Everything Sucks!: Season 1: What the Hell’s a Zarginda?","13/01/2019"
"Everything Sucks!: Season 1: Romeo & Juliet in Space","12/01/2019"
"Everything Sucks!: Season 1: All That and a Bag of Chips","12/01/2019"
"Everything Sucks!: Season 1: Maybe You’re Gonna Be the One That Saves Me","12/01/2019"
"Everything Sucks!: Season 1: Plutonium","12/01/2019"
"Brooklyn Nine-Nine: Season 4: Crime & Punishment","11/01/2019"
"Brooklyn Nine-Nine: Season 4: The Bank Job","10/01/2019"
"Brooklyn Nine-Nine: Season 4: The Slaughterhouse","10/01/2019"
"Brooklyn Nine-Nine: Season 4: Your Honor","10/01/2019"
"Brooklyn Nine-Nine: Season 4: Chasing Amy","08/01/2019"
"Fallen","07/01/2019"
"Brooklyn Nine-Nine: Season 4: Cop-Con","07/01/2019"
"Brooklyn Nine-Nine: Season 4: Moo Moo","07/01/2019"
"Brooklyn Nine-Nine: Season 4: The Last Ride","05/01/2019"
"Brooklyn Nine-Nine: Season 4: Serve & Protect","05/01/2019"
"Brooklyn Nine-Nine: Season 4: The Audit","04/01/2019"
"Brooklyn Nine-Nine: Season 4: The Fugitive: Part 2","04/01/2019"
"Brooklyn Nine-Nine: Season 4: Captain Latvia","04/01/2019"
"Brooklyn Nine-Nine: Season 4: The Overmining","04/01/2019"
"Brooklyn Nine-Nine: Season 4: Skyfire Cycle","01/01/2019"
"Brooklyn Nine-Nine: Season 4: Mr. Santiago","01/01/2019"
"Taylor Swift reputation Stadium Tour","01/01/2019"
"Brooklyn Nine-Nine: Season 4: Monster in the Closet","01/01/2019"
"Brooklyn Nine-Nine: Season 4: Coral Palms: Part 3","31/12/2018"
"Brooklyn Nine-Nine: Season 4: Coral Palms: Part 2","31/12/2018"
"Brooklyn Nine-Nine: Season 4: Coral Palms: Part 1","31/12/2018"
"Brooklyn Nine-Nine: Season 3: Terry Kitties","31/12/2018"
"The Other Woman","28/12/2018"
"Alexa & Katie: Season 2: ChoreCats","28/12/2018"
"Dumplin'","22/12/2018"
"How to Be Single","19/12/2018"
"Twilight","01/12/2018"
"Definitely, Maybe","30/11/2018"
"The Kissing Booth","29/11/2018"
"Brooklyn Nine-Nine: Season 3: Cheddar","29/11/2018"
"Brooklyn Nine-Nine: Season 3: Karen Peralta","28/11/2018"
"Brooklyn Nine-Nine: Season 3: The Cruise","26/11/2018"
"Brooklyn Nine-Nine: Season 3: Ava","26/11/2018"
"Brooklyn Nine-Nine: Season 3: The Mattress","24/11/2018"
"Brooklyn Nine-Nine: Season 2: Jake and Sophia","24/11/2018"
"Sixteen Candles","23/11/2018"
"When We First Met","21/11/2018"
"Brooklyn Nine-Nine: Season 2: Chocolate Milk","19/11/2018"
"Brooklyn Nine-Nine: Season 1: Unsolvable","18/11/2018"
"Brooklyn Nine-Nine: Season 1: Fancy Brudgom","18/11/2018"
"Brooklyn Nine-Nine: Season 1: Tactical Village","18/11/2018"
"Brooklyn Nine-Nine: Season 1: Christmas","18/11/2018"
"Brooklyn Nine-Nine: Season 1: Thanksgiving","15/11/2018"
"Brainchild: Season 1: Social Media","14/11/2018"
"Friends: Season 1: The One with the Evil Orthodontist","10/11/2018"
"Bridget Jones's Baby","09/11/2018"
"Friends: Season 6: The One Where Paul's the Man","08/11/2018"
"Friends: Season 6: The One That Could Have Been: Part 2","06/11/2018"
"Friends: Season 4: The One with the Jellyfish","03/11/2018"
"Friends: Season 2: The One Where Ross and Rachel...You Know","02/11/2018"
"Friends: Season 2: The One with Phoebe's Husband","01/11/2018"
"Friends: Season 1: The One with the Ick Factor","01/11/2018"
"Friends: Season 1: The One with Mrs. Bing","01/11/2018"
"Friends: Season 1: The One with the Monkey","01/11/2018"
"Friends: Season 1: The One with the East German Laundry Detergent","30/10/2018"
"Friends: Season 1: The One Where Monica Gets a Roommate (Pilot)","28/10/2018"
"Atypical: Season 2: Ritual-licious","28/10/2018"
"Atypical: Season 2: Ernest Shackleton's Rules for Survival","22/10/2018"
"Atypical: Season 2: Living at an Angle","22/10/2018"
"Atypical: Season 2: The Smudging","21/10/2018"
"Atypical: Season 2: In the Dragon's Lair","20/10/2018"
"Atypical: Season 2: The Egg Is Pipping","19/10/2018"
"Atypical: Season 2: Pants on Fire","18/10/2018"
"Atypical: Season 2: Little Dude and the Lion","17/10/2018"
"Atypical: Season 2: Penguin Cam and Chill","16/10/2018"
"Atypical: Season 2: Juiced!","14/10/2018"
"Atypical: Season 1: The Silencing Properties of Snow","13/10/2018"
"Atypical: Season 1: I Lost My Poor Meatball","12/10/2018"
"Atypical: Season 1: The D-Train to Bone Town","11/10/2018"
"Atypical: Season 1: That’s My Sweatshirt","10/10/2018"
"Atypical: Season 1: A Nice Neutral Smell","09/10/2018"
"Atypical: Season 1: Julia Says","07/10/2018"
"Atypical: Season 1: Antarctica","06/10/2018"
"Angus, Thongs and Perfect Snogging","05/09/2018"
"Set It Up","15/08/2018"
"The Great British Bake Off: Season 1: Tea Party (Final)","06/08/2018"
"The Vampire Diaries: Season 1: Friday Night Bites","28/07/2018"
"The Vampire Diaries: Season 1: The Night of the Comet","28/07/2018"
"Chalet Girl","28/07/2018"
"Queer Eye: Season 2: Make Ted Great Again","21/07/2018"
"Queer Eye: Season 2: Bedazzled","16/07/2018"
"Queer Eye: Season 2: Big Little Lies","16/07/2018"
"Queer Eye: Season 2: Sky's the Limit","15/07/2018"
"The Vampire Diaries: Season 1: Pilot","09/07/2018"
"The Great British Bake Off: Season 1: Biscuits","25/06/2018"
"Backstage: Season 1: The First Day","06/06/2018"
"Greenhouse Academy: Season 2: The Spiral","06/06/2018"
"Greenhouse Academy: Season 2: The Workshop","06/06/2018"
"Greenhouse Academy: Season 2: Surfing Lessons","05/06/2018"
"Greenhouse Academy: Season 2: Meant to Be","04/06/2018"
"Greenhouse Academy: Season 2: A Day Off","04/06/2018"
"Greenhouse Academy: Season 2: The Client","03/06/2018"
"Greenhouse Academy: Season 2: Escape Mechanism","02/06/2018"
"Greenhouse Academy: Season 1: L.D.R.","02/06/2018"
"Greenhouse Academy: Season 1: Great Scott","01/06/2018"
"Greenhouse Academy: Season 1: Guilt-Free Cupcakes","30/05/2018"
"Greenhouse Academy: Season 1: Steph","30/05/2018"
"Greenhouse Academy: Season 1: The Outsider","29/05/2018"
"Greenhouse Academy: Season 1: Swimming Lessons","29/05/2018"
"Greenhouse Academy: Season 1: Captain Material","28/05/2018"
"Greenhouse Academy: Season 1: Black Smoke","27/05/2018"
"Greenhouse Academy: Season 1: Private Screening","27/05/2018"
"Greenhouse Academy: Season 1: Breaking and Entering","25/05/2018"
"Greenhouse Academy: Season 1: The Opening Challenge","25/05/2018"
"Greenhouse Academy: Season 1: Pilot","24/05/2018"
"Dance Academy: Series 3: Not For Nothing","24/05/2018"
"Dance Academy: Series 3: The Perfect Storm","23/05/2018"
"Dance Academy: Series 3: Start of an Era","22/05/2018"
"Dance Academy: Series 3: N'Fektd","22/05/2018"
"Dance Academy: Series 3: Don't Let Me Down Gently","21/05/2018"
"Dance Academy: Series 3: Travelling Light","21/05/2018"
"Dance Academy: Series 3: Graceland","20/05/2018"
"Dance Academy: Series 3: Fake It Until You Make","20/05/2018"
"Dance Academy: Series 3: Negative Patterns","20/05/2018"
"Dance Academy: Series 3: Short Cut Clause","18/05/2018"
"Dance Academy: Series 3: Second Chances","18/05/2018"
"Dance Academy: Series 3: New Rules","16/05/2018"
"Dance Academy: Series 3: Glue","15/05/2018"
"Dance Academy: Series 2: The Red Shoes","15/05/2018"
"Dance Academy: Series 2: The Second","14/05/2018"
"Dance Academy: Series 2: The Prix De Fonteyn","13/05/2018"
"Dance Academy: Series 2: Love It or Fight It","13/05/2018"
"Dance Academy: Series 2: Win or Lose","13/05/2018"
"Dance Academy: Series 2: Ladder Theory","11/05/2018"
"Dance Academy: Series 2: Check? X","11/05/2018"
"Dance Academy: Series 2: The Naturals","10/05/2018"
"Dance Academy: Series 2: Catch Me If I Fall","10/05/2018"
"Dance Academy: Series 2: Love and War","09/05/2018"
"Dance Academy: Series 2: Origins","08/05/2018"
"Dance Academy: Series 2: Moving On","08/05/2018"
"Dance Academy: Series 2: Rescue Mission","07/05/2018"
"Dance Academy: Series 2: Backstab","05/05/2018"
"Dance Academy: Series 2: Breaking Pointe","05/05/2018"
"Dance Academy: Series 2: Self Sabotage","04/05/2018"
"Dance Academy: Series 2: A Good Life","04/05/2018"
"Dance Academy: Series 2: The Break","03/05/2018"
"Dance Academy: Series 2: Connectivity","02/05/2018"
"Dance Academy: Series 2: A Choreographed Life","02/05/2018"
"Dance Academy: Series 2: Like No One's Watching","01/05/2018"
"Dance Academy: Series 2: Showcase","30/04/2018"
"Dance Academy: Series 2: Legends","29/04/2018"
"Dance Academy: Series 2: Faux Pas De Deux","29/04/2018"
"Dance Academy: Series 2: Dreamlife","28/04/2018"
"Dance Academy: Series 2: In the Middle, Somewhat Elevated","28/04/2018"
"Dance Academy: Series 1: Learning to Fly: Pt. 2","26/04/2018"
"Dance Academy: Series 1: The Deep End","26/04/2018"
"Dance Academy: Series 1: Heatwave","24/04/2018"
"Dance Academy: Series 1: BFF: Best Friends Forever","23/04/2018"
"Dance Academy: Series 1: Flight or Fight Response","21/04/2018"
"Dance Academy: Series 1: FOMO: Fear of Missing Out","21/04/2018"
"Dance Academy: Series 1: Ballet Fever","19/04/2018"
"Dance Academy: Series 1: Fairest & Best","19/04/2018"
"Dance Academy: Series 1: Betty Bunheads","18/04/2018"
"Dance Academy: Series 1: A Midsummer Night's Dream","18/04/2018"
"Dance Academy: Series 1: Free Falling","17/04/2018"
"Dance Academy: Series 1: My Life en Pointe","17/04/2018"
"Dance Academy: Series 1: Turning Points","16/04/2018"
"Dance Academy: Series 1: Family","16/04/2018"
"Dance Academy: Series 1: Pressure","16/04/2018"
"Dance Academy: Series 1: One Perfect Day","16/04/2018"
"Dance Academy: Series 1: Through the Looking Glass","15/04/2018"
"Dance Academy: Series 1: Heartbeat","15/04/2018"
"Dance Academy: Series 1: Growing Pains","14/04/2018"
"Dance Academy: Series 1: Crush Test Dummies","14/04/2018"
"Dance Academy: Series 1: Perfection","13/04/2018"
"Dance Academy: Series 1: Real Men Don't Dance","13/04/2018"
"Dance Academy: Series 1: Minefield","13/04/2018"
"Dance Academy: Series 1: Behind Barres","12/04/2018"
"Dance Academy: Series 1: Week Zero","12/04/2018"
"Dance Academy: Series 1: Learning to Fly","12/04/2018"
"Free Rein: Season 1: Pony Prom","26/03/2018"
"Free Rein: Season 1: The Sleepover","26/03/2018"
"Arthur Christmas","15/12/2017"
"Raising the Bar","09/12/2017"
"Expelled","26/07/2017"
"Full Out","14/07/2017"
"A 2nd Chance","14/07/2017"
"The Flintstones","04/07/2017"
"Bee Movie","02/07/2017"
"Legally Blondes","28/06/2017"
"The Pink Panther 2","27/06/2017"
"The Pink Panther","24/06/2017"
"Middle School: The Worst Years of My Life","24/06/2017"
"Bratz: The Movie","22/06/2017"
"Paper Planes","19/06/2017"
"Project Mc²: Part 3: Ear Today. Gone Tomorrow","18/06/2017"
"Project Mc²: Part 3: Simon Sayz","16/06/2017"
"Project Mc²: Part 3: One Track Mind","16/06/2017"
"Project Mc²: Part 3: Crate Expectations","10/06/2017"
"Project Mc²: Part 3: Gummying Up The Works","08/06/2017"
"Project Mc²: Part 3: Finding Maddy","08/06/2017"
"Project Mc²: Part 2: Mission Totally Possible","05/06/2017"
"Project Mc²: Part 2: Bye Bye Birdie","05/06/2017"
"Project Mc²: Part 2: Dam Fine Mess","03/06/2017"
"Project Mc²: Part 2: Trashed","02/06/2017"
"Project Mc²: Part 2: No Laughing Matter","02/06/2017"
"Project Mc²: Part 2: Back to Basics","01/06/2017"
"Project Mc²: Part 1: Smart is the New Cool","01/06/2017"
"Project Mc²: Part 1: Secret Agenting","31/05/2017"
"Project Mc²: Part 1: The New Girl","31/05/2017"
"Richie Rich: Season 1: Man$ion Warming","31/05/2017"
"H2O: Just Add Water: Season 3: Graduation","28/05/2017"
"H2O: Just Add Water: Season 3: A Date with Destiny","09/05/2017"
"H2O: Just Add Water: Season 3: Too Close for Comfort","08/05/2017"
"H2O: Just Add Water: Season 3: Beach Party","08/05/2017"
"H2O: Just Add Water: Season 3: Mako Masters","08/05/2017"
"H2O: Just Add Water: Season 3: The Jewel Thief","07/05/2017"
"H2O: Just Add Water: Season 3: Queen for a Day","07/05/2017"
"H2O: Just Add Water: Season 3: Breakaway","06/05/2017"
"H2O: Just Add Water: Season 3: Into the Light","06/05/2017"
"H2O: Just Add Water: Season 3: A Magnetic Attraction","06/05/2017"
"H2O: Just Add Water: Season 3: The Dark Side","04/05/2017"
"H2O: Just Add Water: Season 3: Power Play","04/05/2017"
"H2O: Just Add Water: Season 3: Mermaid Magic","04/05/2017"
"H2O: Just Add Water: Season 3: To Have & to Hold Back","01/05/2017"
"H2O: Just Add Water: Season 3: Crime & Punishment","01/05/2017"
"H2O: Just Add Water: Season 3: Just a Girl at Heart","30/04/2017"
"H2O: Just Add Water: Season 3: Revealed","30/04/2017"
"H2O: Just Add Water: Season 3: Kidnapped","29/04/2017"
"H2O: Just Add Water: Season 3: Happy Families","29/04/2017"
"H2O: Just Add Water: Season 3: Secrets & Lies","27/04/2017"
"H2O: Just Add Water: Season 3: Valentine's Day","27/04/2017"
"H2O: Just Add Water: Season 3: Keep Your Enemies Close","26/04/2017"
"H2O: Just Add Water: Season 3: Jungle Hunt","26/04/2017"
"H2O: Just Add Water: Season 3: The Awakening","26/04/2017"
"H2O: Just Add Water: Season 2: Unfathomable","25/04/2017"
"H2O: Just Add Water: Season 2: Bubble Bubble Toil and Trouble","25/04/2017"
"H2O: Just Add Water: Season 2: The Gracie Code, Part 1","24/04/2017"
"H2O: Just Add Water: Season 2: The Gracie Code, Part 2","24/04/2017"
"H2O: Just Add Water: Season 2: The Heat is On","23/04/2017"
"H2O: Just Add Water: Season 2: Moonstruck","23/04/2017"
"H2O: Just Add Water: Season 2: Double Trouble","22/04/2017"
"H2O: Just Add Water: Season 2: Irresistible","22/04/2017"
"H2O: Just Add Water: Season 2: Get Off My Trail","21/04/2017"
"H2O: Just Add Water: Season 2: Moonwalker","21/04/2017"
"H2O: Just Add Water: Season 2: Fish Fever","20/04/2017"
"H2O: Just Add Water: Season 2: In Over our Heads","19/04/2017"
"H2O: Just Add Water: Season 2: Riding for a Fall","19/04/2017"
"H2O: Just Add Water: Season 2: Wrong Side of the Tracks","18/04/2017"
"H2O: Just Add Water: Season 2: In Hot Water","30/03/2017"
"Ferris Bueller's Day Off","26/03/2017"
"Aloha","26/03/2017"
"H2O: Just Add Water: Season 2: Pressure Cooker","26/03/2017"
"H2O: Just Add Water: Season 2: Hocus Pocus","26/03/2017"
"Kung Fu Panda","25/03/2017"
"Dirty Rotten Scoundrels","25/03/2017"
"H2O: Just Add Water: Season 2: Fire and Ice","25/03/2017"
"H2O: Just Add Water: Season 2: The One That Got Away","25/03/2017"
"H2O: Just Add Water: Season 2: Control","23/03/2017"
"H2O: Just Add Water: Season 2: Stormy Weather","23/03/2017"
"H2O: Just Add Water: Season 1: A Twist in the Tail","23/03/2017"
"H2O: Just Add Water: Season 1: Dr. Danger","20/03/2017"
"H2O: Just Add Water: Season 1: Love Potion #9","20/03/2017"
"H2O: Just Add Water: Season 1: In Too Deep","19/03/2017"
"H2O: Just Add Water: Season 1: Red Herring","19/03/2017"
"H2O: Just Add Water: Season 1: Hook, Line and Sinker","19/03/2017"
"H2O: Just Add Water: Season 1: Hurricane Angela","18/03/2017"
"H2O: Just Add Water: Season 1: Bad Moon Rising","18/03/2017"
"H2O: Just Add Water: Season 1: Under the Weather","18/03/2017"
"H2O: Just Add Water: Season 1: Lovesick","18/03/2017"
"H2O: Just Add Water: Season 1: The Big Chill","15/03/2017"
"H2O: Just Add Water: Season 1: Surprise!","12/03/2017"
"H2O: Just Add Water: Season 1: Shipwrecked","12/03/2017"
"H2O: Just Add Water: Season 1: The Siren Effect","12/03/2017"
"H2O: Just Add Water: Season 1: Sink or Swim","10/03/2017"
"H2O: Just Add Water: Season 1: The Camera Never Lies","10/03/2017"
"H2O: Just Add Water: Season 1: Dangerous Waters","09/03/2017"
"H2O: Just Add Water: Season 1: The Denman Affair","08/03/2017"
"H2O: Just Add Water: Season 1: Moon Spell","08/03/2017"
"H2O: Just Add Water: Season 1: Young Love","08/03/2017"
"H2O: Just Add Water: Season 1: Something Fishy","08/03/2017"
"H2O: Just Add Water: Season 1: Party Girls","07/03/2017"
"H2O: Just Add Water: Season 1: Catch of the Day","07/03/2017"
"H2O: Just Add Water: Season 1: Pool Party","05/03/2017"
"H2O: Just Add Water: Season 1: Metamorphosis","05/03/2017"
"House of Anubis: Season 2: House of the Chosen/House of Freedom","26/02/2017"
"House of Anubis: Season 2: House of Missions/House of Captives","26/02/2017"
"House of Anubis: Season 2: House of Traps/House of Stakes","26/02/2017"
"House of Anubis: Season 2: House of Pretenders/House of Trouble","26/02/2017"
"House of Anubis: Season 2: House of Strategy/House of Memory","22/02/2017"
"House of Anubis: Season 2: House of Phantoms/House of Surrender","22/02/2017"
"House of Anubis: Season 2: House of Dreams/House of Pitfalls","22/02/2017"
"House of Anubis: Season 2: House of Reflectors / House of Illusions","20/02/2017"
"House of Anubis: Season 2: House of Freeze / House of Timeout","20/02/2017"
"House of Anubis: Season 2: House of Forgeries / House of Hijack","19/02/2017"
"House of Anubis: Season 2: House of Sabotage / House of Nine Lives","17/02/2017"
"House of Anubis: Season 2: House of Collections / House of Speculation","17/02/2017"
"House of Anubis: Season 2: House of Duplicity / House of Hauntings","15/02/2017"
"House of Anubis: Season 2: House of Tricks / House of Whispers","14/02/2017"
"House of Anubis: Season 2: House of Trades / House of Magic","14/02/2017"
"House of Anubis: Season 2: House of Zodiacs / House of Reckoning","11/02/2017"
"House of Anubis: Season 2: House of Reflections / House of Stooges","11/02/2017"
"House of Anubis: Season 2: House of Oblivion / House of Snoops","10/02/2017"
"House of Anubis: Season 2: House of Heists / House of Alibis","10/02/2017"
"House of Anubis: Season 2: House of Status / House of Laments","07/02/2017"
"House of Anubis: Season 2: House of Silence / House of Warnings","05/02/2017"
"House of Anubis: Season 2: House of Sorry / House of Hex","05/02/2017"
"House of Anubis: Season 2: House of Slander / House of Hasty","04/02/2017"
"House of Anubis: Season 2: House of Evidence / House of Genius","04/02/2017"
"House of Anubis: Season 2: House of Envy / House of Names","03/02/2017"
"House of Anubis: Season 2: House of Double-Cross / House of Wires","03/02/2017"
"House of Anubis: Season 2: House of Hacks / House of Stings","30/01/2017"
"House of Anubis: Season 2: House of Fronts / House of Keepers","30/01/2017"
"House of Anubis: Season 2: House of Dead-Ends / House of Webs","30/01/2017"
"House of Anubis: Season 2: House of Barriers / House of Curfews","30/01/2017"
"House of Anubis: Season 2: House of Help / House of Phobias","20/01/2017"
"House of Anubis: Season 2: House of Pendulums / House of Impasse","19/01/2017"
"House of Anubis: Season 2: House of Sibuna / House of Payback","19/01/2017"
"House of Anubis: Season 2: House of Hoods / House of Deceit","18/01/2017"
"House of Anubis: Season 2: House of Pressure / House of déjà vu","18/01/2017"
"House of Anubis: Season 2: House of Crushes / House of Vertigo","18/01/2017"
"House of Anubis: Season 2: House of Chance / House of Divides","17/01/2017"
"House of Anubis: Season 2: House of Who? / House of Frauds","16/01/2017"
"House of Anubis: Season 2: House of Protection / House of Letters","16/01/2017"
"House of Anubis: Season 2: House of Tunnels / House of Goodbye","15/01/2017"
"House of Anubis: Season 2: House of Combinations / House of Heartbreak","14/01/2017"
"House of Anubis: Season 2: House of Myths / House of Nightmares","14/01/2017"
"House of Anubis: Season 2: House of Rivals / House of Faces","13/01/2017"
"House of Anubis: Season 2: House of Spirits / House of Blackmail","13/01/2017"
"House of Anubis: Season 2: House of Hello / House of Dolls","13/01/2017"
"House of Anubis: Season 1: House of Hush / House of Spies / House of Sting / House of Never / House of Forever","13/01/2017"
"House of Anubis: Season 1: House of Revelation / House of Heavy","11/01/2017"
"House of Anubis: Season 1: House of Pests / House of Betrayal","10/01/2017"
"House of Anubis: Season 1: House of Lights / House of Allegiance","09/01/2017"
"House of Anubis: Season 1: House of the Stars / House of Harsh","09/01/2017"
"House of Anubis: Season 1: House of Bribes / House of Venom","09/01/2017"
"House of Anubis: Season 1: House of Yesterday / House of Victory","08/01/2017"
"House of Anubis: Season 1: House of Masks / House of Pursuit","08/01/2017"
"House of Anubis: Season 1: House of Time / House of Aliens","08/01/2017"
"House of Anubis: Season 1: House of Arrest / House of Hoax","07/01/2017"
"House of Anubis: Season 1: House of Rendezvous / House of Rescue","07/01/2017"
"House of Anubis: Season 1: House of Hazard / House of Charades","06/01/2017"
"House of Anubis: Season 1: House of Risk / House of Thieves","06/01/2017"
"House of Anubis: Season 1: House of Drama / House of Codes","06/01/2017"
"House of Anubis: Season 1: House of Reunion / House of Memories","04/01/2017"
"House of Anubis: Season 1: House of Locks / House of Eyes","04/01/2017"
"House of Anubis: Season 1: House of Identity / House of Emergency","03/01/2017"
"House of Anubis: Season 1: House of Scares / House of Fakers","03/01/2017"
"House of Anubis: Season 1: House of Cameras / House of Numbers","03/01/2017"
"Alvin and the Chipmunks: Chipwrecked","30/12/2016"
"Peppa Pig: Season 2: Grandpa's Little Train / The Baby Piggy / The Cycle Ride / Dens","30/12/2016"
"Katy Perry: Part of Me","29/12/2016"
"House of Anubis: Season 1: House of Kidnap / House of Cat-Nap","26/12/2016"
"House of Anubis: Season 1: House of Flames / House of Passages","26/12/2016"
"House of Anubis: Season 1: House of Confrontation / House of Alarms","23/12/2016"
"House of Anubis: Season 1: House of Intruders / House of Proof","23/12/2016"
"House of Anubis: Season 1: House of Cheats / House of Rumors","22/12/2016"
"House of Anubis: Season 1: House of Discovery / House of Hyper","22/12/2016"
"Victorious: Season 2: Beck Falls for Tori","08/12/2016"
"House of Anubis: Season 1: House of Agendas / House of Keys","07/12/2016"
"Mako Mermaids: An H2O Adventure: Season 1: Zac's Return to Mako","07/12/2016"
"Mako Mermaids: An H2O Adventure: Season 1: Zac's Pool Party","07/12/2016"
"Mako Mermaids: An H2O Adventure: Season 1: Dolphin Tale","07/12/2016"
"Mako Mermaids: An H2O Adventure: Season 1: Blizzard","06/12/2016"
"Mako Mermaids: An H2O Adventure: Season 1: Lyla Alone","06/12/2016"
"Mako Mermaids: An H2O Adventure: Season 1: Meeting Rita","06/12/2016"
"Mako Mermaids: An H2O Adventure: Season 1: Getting Legs","06/12/2016"
"Mako Mermaids: An H2O Adventure: Season 1: Outcasts","05/12/2016"
"House of Anubis: Season 1: House of Secrets","04/12/2016"
"Angel of Christmas","03/12/2016"
"Rise of the Guardians","03/12/2016"
